metric,category,mean,std,ci_lower,ci_upper
length_norm,animals,3.338123321533203,0.21155089139938354,3.19985294342041,3.4639458656311035
length_norm,objects,3.211765766143799,0.18907971680164337,3.089466651280721,3.329343318939209
length_norm,reasoning,3.7287437915802,0.09395702928304672,3.670863151550293,3.7861459255218506
curvature,animals,1.089304256439209,0.2719118391279382,0.8922980939348539,1.2325181335210802
curvature,objects,0.942446255683899,0.31869598849597514,0.7436534769833086,1.1362813459833463
curvature,reasoning,1.269274079799652,0.0366673523554441,1.2457399968306222,1.2915742206573488
convergence_between_dist_final_layer,global_between,104.75707244873047,71.45291900634766,100.14923095703125,109.41668446858723
convergence_within_dist_final_layer,global_within,87.63399505615234,61.57626724243164,80.77987925211589,94.5042215983073
