model,Comparison,p_value,cohens_d
gpt2,Start vs End,0.0027,0.7840362272289914
gpt2,Start vs Peak,0.7227,-0.09048666330411918
gpt2,Semantic vs Reasoning,0.0,-3.3039710214255176
