metric,comparison,p_value,corrected_p_value,effect_size
length_norm,animals_vs_objects,0.24132159301718004,0.24132159301718004,0.5974839329719543
length_norm,animals_vs_reasoning,0.0005828399431792743,0.0011656798863585486,-2.2640342712402344
length_norm,objects_vs_reasoning,0.00018267179110955002,0.0005480153733286501,-3.2850568294525146
