{"cumulative_variance": [0.9834923148155212, 0.9893119009211659, 0.9944096491672099, 0.9970862565096468, 0.997629028337542, 0.9979604465188459, 0.9981228711694712, 0.9982414091718965, 0.9983433799716295, 0.9984379857414751, 0.9985284247450181, 0.9986082113537122, 0.9986799926191452, 0.998745750002854, 0.9988104642616236, 0.9988665441051126, 0.9989212109867367, 0.9989728724904126, 0.9990211874755914, 0.9990677173191216, 0.9991096231642587, 0.9991501696567866, 0.999189535912592, 0.999226198749966, 0.999259743377479, 0.9992929387590266, 0.9993254259170499, 0.9993552725700283, 0.9993827445141505, 0.9994092409433506, 0.9994311418486177, 0.9994528084971535, 0.9994722901883506, 0.999490281312319, 0.9995073279533244, 0.9995236409122299, 0.9995392695436749, 0.9995541256193974, 0.9995680294750855, 0.9995815877364294, 0.9995946347808058, 0.9996069856424583, 0.9996187520418971, 0.9996292051891942, 0.9996392569391901, 0.9996491225192585, 0.9996587459781949, 0.9996676725068028, 0.999676219855246, 0.9996846204967369], "variance_ratio": [0.9834923148155212, 0.005819586105644703, 0.0050977482460439205, 0.0026766073424369097, 0.0005427718278951943, 0.00033141818130388856, 0.00016242465062532574, 0.00011853800242533907, 0.00010197079973295331, 9.460576984565705e-05, 9.043900354299694e-05, 7.978660869412124e-05, 7.178126543294638e-05, 6.57573837088421e-05, 6.471425876952708e-05, 5.6079843488987535e-05, 5.466688162414357e-05, 5.166150367585942e-05, 4.831498517887667e-05, 4.652984353015199e-05, 4.190584513708018e-05, 4.0546492527937517e-05, 3.9366255805362016e-05, 3.666283737402409e-05, 3.3544627513037995e-05, 3.319538154755719e-05, 3.248715802328661e-05, 2.984665297844913e-05, 2.7471944122225977e-05, 2.6496429200051352e-05, 2.1900905267102644e-05, 2.1666648535756394e-05, 1.9481691197142936e-05, 1.799112396838609e-05, 1.704664100543596e-05, 1.631295890547335e-05, 1.5628631444997154e-05, 1.4856075722491369e-05, 1.3903855688113254e-05, 1.3558261343860067e-05, 1.3047044376435224e-05, 1.2350861652521417e-05, 1.1766399438783992e-05, 1.0453147297084797e-05, 1.0051749995909631e-05, 9.86558006843552e-06, 9.62345893640304e-06, 8.926528607844375e-06, 8.547348443244118e-06, 8.400641490879934e-06]}