{"cumulative_variance": [0.9834920763969421, 0.9893116569146514, 0.994409398175776, 0.9970860045868903, 0.9976287772296928, 0.9979601956438273, 0.9981226201780373, 0.9982411580858752, 0.9983431288274005, 0.9984377346845577, 0.9985281736444449, 0.9986079602676909, 0.9986797415986075, 0.9987454989968683, 0.9988102133283974, 0.998866293226456, 0.9989209601117182, 0.9989726216626877, 0.9990209366078489, 0.9990674664768449, 0.9991093723438098, 0.9991499188399757, 0.9991892851212469, 0.9992259479768109, 0.999259492582496, 0.9992926879604056, 0.9993251751511707, 0.9993550217823213, 0.9993824937173486, 0.9994089901447296, 0.9994308910736436, 0.9994525577167224, 0.9994720394024625, 0.999490030519155, 0.9995070771728933, 0.9995233901518077, 0.9995390188068995, 0.9995538748771651, 0.9995677787374007, 0.9995813369914686, 0.9995943840613108, 0.999606734905683, 0.9996185012378191, 0.9996289542768864, 0.9996390068208711, 0.9996488749984564, 0.9996585039052661, 0.9996674342373808, 0.9996759781379296, 0.9996843798298869], "variance_ratio": [0.9834920763969421, 0.005819580517709255, 0.005097741261124611, 0.002676606411114335, 0.0005427726428024471, 0.0003314184141345322, 0.0001624245342100039, 0.00011853790783789009, 0.0001019707415252924, 9.460585715714842e-05, 9.043895988725126e-05, 7.978662324603647e-05, 7.178133091656491e-05, 6.575739826075733e-05, 6.471433152910322e-05, 5.607989805866964e-05, 5.466688526212238e-05, 5.1661550969583914e-05, 4.831494516110979e-05, 4.652986899600364e-05, 4.190586696495302e-05, 4.0546496165916324e-05, 3.9366281271213666e-05, 3.666285556391813e-05, 3.354460568516515e-05, 3.319537790957838e-05, 3.2487190765095875e-05, 2.9846631150576286e-05, 2.747193502727896e-05, 2.649642738106195e-05, 2.190092891396489e-05, 2.1666643078788184e-05, 1.9481685740174726e-05, 1.7991116692428477e-05, 1.7046653738361783e-05, 1.631297891435679e-05, 1.56286550918594e-05, 1.4856070265523158e-05, 1.3903860235586762e-05, 1.3558254067902453e-05, 1.3047069842286874e-05, 1.2350844372122083e-05, 1.1766332136176061e-05, 1.0453039067215286e-05, 1.0052543984784279e-05, 9.868177585303783e-06, 9.62890680966666e-06, 8.93033211468719e-06, 8.543900548829697e-06, 8.401691957260482e-06]}