layer,convergence_score
1,13.857532022617484
2,40.458702118485064
3,138.25399930353512
4,147.27133324905685
5,154.1940373314751
6,158.6143267504375
7,161.55223720833112
8,164.0179057064763
9,166.3150123172336
10,164.2717894130284
11,167.21788296381646
12,27.635220587871686
